<?xml version="1.0" encoding="UTF-8" standalone="yes"?>
<addon id="plugin.video.playthis"
       name="PlayThis"
       version="1.3.1"
       provider-name="smokdpi">
  <requires>
    <import addon="xbmc.python" version="2.1.0"/>
    <import addon="repository.smokdpi"/>
    <import addon="script.module.smokdpi.addon"/>
  </requires>
  <extension point="xbmc.python.pluginsource" library="default.py">
        <provides>video</provides>
  </extension>
  <extension point="xbmc.addon.metadata">
    <summary lang="en">Play URL/File</summary>
    <description lang="en">Dialog, will attempt to resolve and play the provided url/file location.[CR][CR][B]Artwork by @konsumer420[/B]</description>
    <platform>all</platform>
    <license>GNU GENERAL PUBLIC LICENSE. Version 3, 29 June 2007</license>
  </extension>
</addon>
