<?xml version="1.0" encoding="UTF-8" standalone="yes"?>
<addon id="script.module.smokdpi.resolvers"
       name="smokdpi's Resolvers"
       version="1.4.0"
       provider-name="smokdpi">
    <requires>
        <import addon="xbmc.python" version="2.1.0"/>
    </requires>
    <extension point="xbmc.python.module" library="resources/lib" />
    <extension point="xbmc.addon.metadata">
        <summary lang="en">Resolvers for smokdpi's add-ons.</summary>
        <description lang="en">Resolvers for smokdpi's add-ons.[CR][CR][B]Artwork by @konsumer420[/B]</description>
        <disclaimer lang="en"> </disclaimer>
        <platform>all</platform>
    </extension>
</addon>
