<?xml version="1.0" encoding="UTF-8" standalone="yes"?>
<addon id="plugin.video.acz"
       name="ACZ"
       version="1.0.2"
       provider-name="smokdpi">
  <requires>
    <import addon="xbmc.python" version="2.1.0"/>
    <import addon="script.module.smokdpi.addon"/>
    <import version="3.2.1" addon="script.module.beautifulsoup"/>
	<import addon="theme.acz.default" optional="true"/>
  </requires>
  <extension point="xbmc.python.pluginsource" library="default.py">
        <provides>video</provides>
  </extension>
  <extension point="xbmc.addon.metadata">
    <summary lang="en">Dubbed/Subbed anime and cartoons from multiple sources.</summary>
    <description lang="en">[B][COLOR white]ACZ[/COLOR][/B][CR][CR]Watch dubbed/subbed anime, cartoon series and movies from multiple sources.[CR][CR][B]Artwork by @konsumer420[/B]</description>
    <disclaimer lang="en">The author does not host or distribute any of the content displayed by this add-on. The author does not have any affiliation with the content provider(s).</disclaimer>
    <platform>all</platform>
    <license>GNU GENERAL PUBLIC LICENSE. Version 3, 29 June 2007</license>
  </extension>
</addon>
